id,webpage,fingerprint
8,qq.com,5F:8D:A5:E4:8C:A7:85:A0:DE:75:70:EF:2D:28:DD:B3:3A:7F:9A:08:07:BA:EE:92:FA:7F:D1:F6:CA:EA:2E:5E
88,go.com,AC:65:50:8A:B6:0C:2E:81:B2:6E:63:26:77:66:6D:5D:7F:13:8E:EB:8F:09:C8:9C:AA:65:4B:94:94:7A:11:F7
103,haosou.com,43:6E:91:11:E7:B1:0E:4B:3B:16:76:6B:48:A5:09:BB:6A:0C:A7:BA:B2:F6:51:88:9B:0C:21:A7:1E:17:C1:58
122,bilibili.com,38:E5:3D:9C:C3:9D:74:50:B2:53:2D:B7:EC:A6:91:10:EA:54:9D:63:B7:27:FC:34:ED:3C:5E:3B:4B:E0:65:CD
142,ettoday.net,5D:F8:67:7F:79:A1:41:A2:EE:E5:7B:F7:CA:56:E7:57:0C:B3:B3:B6:57:14:37:D2:06:8B:BB:09:FD:D7:81:15
183,onlinesbi.com,2D:A2:4A:89:DF:DE:4D:E3:35:6A:98:BD:25:0C:E1:DC:33:A3:6F:E1:9A:4D:CF:40:A8:B6:1D:32:4B:DF:3D:69
198,steampowered.com,33:BF:9A:05:6A:3A:5D:3D:AA:9A:10:25:56:E5:55:E3:70:49:A8:79:29:6F:D9:11:BD:89:23:15:C6:B2:22:7F
204,iqiyi.com,04:D9:4F:86:51:D3:17:74:22:33:B4:01:A4:CE:F3:B7:B5:9D:5E:00:70:0C:19:10:19:BD:8D:D7:42:74:DB:E7
215,rdsa2012.com,AE:4A:10:2F:29:84:33:69:C6:2A:33:FF:6B:D2:96:BE:EF:82:69:8F:BF:91:4C:3E:B5:8B:CD:D3:D8:A3:75:89
252,fbcdn.net,A6:26:B1:54:CC:65:63:41:81:25:0B:81:0B:1B:D4:C8:9E:C2:77:CE:A0:8D:78:5E:EB:E7:E7:68:BD:A7:BB:00
267,blog.jp,AC:4D:CB:28:A1:13:69:8C:51:71:4D:E3:60:B7:2D:FB:96:BC:58:F4:53:A3:90:60:6C:9F:5A:B4:E9:0A:A5:C3
280,bitauto.com,91:D0:E4:E4:86:1D:E0:69:39:F7:30:79:5E:11:45:3C:51:EB:1C:06:BA:5A:86:6E:D4:EC:CB:86:93:F3:DD:F9
293,usps.com,CC:40:52:BC:B4:4D:27:0D:D0:79:88:5D:D9:20:39:3C:7F:75:54:61:30:1C:36:BC:DB:9A:61:FC:6B:8B:70:AE
319,ruten.com.tw,B3:40:77:7A:D0:53:4D:8C:D0:BD:5D:09:E9:EC:17:F1:73:68:EB:B4:47:37:AC:6D:3E:CE:5D:C5:BB:E6:04:52
372,loading-delivery2.com,90:6D:19:48:65:32:9F:FB:26:C9:4E:84:39:ED:8A:E1:CB:20:FA:F3:66:D8:57:9D:1C:7F:AB:B3:AA:07:A3:78
394,lowes.com,51:13:91:5A:6C:0C:F6:0F:86:6E:B0:65:6D:41:3D:C2:E2:1A:27:67:54:69:CF:8C:4C:F9:CB:FC:1E:E6:C3:08
398,blkget.com,C2:57:95:78:39:B7:14:7B:76:08:9B:EB:58:99:30:FB:E4:1D:3E:7B:D4:F6:C2:F0:35:F3:FE:82:7D:6B:27:FA
409,digikala.com,A5:87:FB:98:78:13:BD:B1:5B:3E:7E:FD:36:63:04:4B:0F:79:AC:A2:A0:82:DE:E8:EE:F8:09:C9:5C:59:7B:CD
411,nba.com,7C:5A:ED:A9:F1:5B:3B:FA:A2:0A:01:24:C0:D8:6D:D5:1E:9E:79:C4:31:E9:84:39:74:85:24:B5:96:48:C8:A0
412,acfun.tv,14:83:EE:91:F0:59:7F:75:AD:BE:E1:8B:13:F1:61:10:5A:01:59:DE:9D:3E:E6:0A:57:09:CF:3E:56:2E:A3:C0
471,ameba.jp,B6:C4:41:91:73:1E:E8:B2:9C:C5:B9:2F:C6:49:28:C0:71:8C:74:82:EA:C5:37:3C:4C:E5:25:4A:1B:40:81:9A
494,kooora.com,8B:DD:6A:C2:08:40:E7:B1:A6:84:2A:75:A8:9C:A0:AA:6C:8B:63:71:06:4C:4C:D0:49:F7:C7:FA:F7:B8:CF:78
539,tutorialspoint.com,E9:2D:0A:C2:8A:DD:73:97:0F:E8:98:5E:24:65:0C:F1:16:F0:16:77:41:99:18:65:B3:F8:3F:FD:37:E8:C1:72
548,gamer.com.tw,C7:BC:25:6B:86:66:41:F3:F0:6F:85:A7:3D:68:E6:68:B1:72:B9:07:1E:BB:24:6E:6C:4B:92:17:17:6F:EC:34
563,kijiji.ca,E4:E1:9D:F3:9D:61:ED:3B:FB:69:F6:12:E0:8E:C2:FA:5F:D9:9B:18:0D:3E:D7:4D:95:20:6B:ED:34:2C:CB:49
568,instructables.com,37:99:2C:E0:D2:71:E3:31:91:41:35:ED:BB:BA:A4:DE:C3:07:D2:81:2A:9C:AE:AA:89:57:73:55:9C:E3:20:E0
589,y8.com,38:B2:7B:1B:9E:2F:B4:50:16:4A:DA:98:EE:CF:0F:C5:CE:3E:D5:8F:F6:BA:75:16:99:30:5F:F8:E4:73:FD:F1
621,souq.com,55:63:5F:E1:BE:1C:AD:AA:18:A9:FB:13:56:FB:AF:9D:F5:20:63:3B:DA:18:58:17:07:4A:36:DC:0F:6C:FA:BF
629,4399.com,DE:7E:07:56:A9:30:C3:56:E1:48:13:28:13:16:62:19:44:23:3E:DB:33:B5:19:E8:D9:CE:61:D9:6E:61:40:0D
639,filehippo.com,CA:5C:57:BE:E6:AB:21:C0:55:DC:DB:E8:AD:25:FE:EF:6D:17:64:A9:2E:2A:AA:AD:B5:D5:5F:B6:67:C3:F8:AC
652,moneycontrol.com,2E:38:59:06:32:0E:F6:2A:F9:74:5A:FF:F7:15:F4:D6:54:81:C4:F5:0D:41:CC:CE:D6:66:D2:57:23:94:A0:60
673,overstock.com,F0:63:E4:B7:54:F0:C2:F5:E1:60:B0:DE:CF:13:1F:EC:29:7B:A4:80:77:E9:ED:E7:0E:31:BF:28:0F:25:E8:F9
680,verizon.com,37:80:F4:5C:4D:DD:09:90:98:A9:C2:CF:BE:F4:CD:ED:BB:32:5A:23:6B:14:E6:B4:55:29:87:82:DE:78:4F:BC
687,subito.it,33:45:87:85:AF:1A:1B:E8:A2:98:EF:84:48:AF:74:6C:0E:04:7D:22:89:C2:47:85:C4:F4:93:5A:DE:09:AA:98
690,shaparak.ir,1D:C7:E0:70:50:7B:84:4B:FF:C9:4E:FE:6E:8C:6D:48:8D:B6:A2:0A:53:13:09:28:98:F4:E8:A6:37:4B:1D:01
698,le.com,66:01:69:C2:47:73:28:DB:92:02:09:03:A3:E9:70:EB:88:13:2D:84:B4:4A:1D:5E:4E:E1:87:58:41:72:68:A9
704,nikkeibp.co.jp,9F:0D:83:4E:4B:DD:D9:CB:46:02:EC:5C:67:EC:0E:72:52:1A:45:42:9C:72:F6:59:FA:D0:11:CD:05:92:E1:4F
714,ibm.com,2A:28:A6:69:E7:6D:C4:00:7A:2A:ED:E7:8D:CF:49:DA:90:C0:EF:82:35:5F:7C:19:2F:1A:66:A6:5F:55:60:8B
745,104.com.tw,5B:ED:3F:0A:C0:E3:F7:E4:45:3E:65:FC:43:B2:91:6E:A2:2E:03:AA:90:E7:B1:FA:6C:F3:CA:8C:13:DE:C8:DC
787,microsoftstore.com,AF:74:1E:87:3C:38:66:AF:45:94:D2:D3:8B:2F:BE:5C:4A:10:80:FE:AD:25:1D:C4:34:54:48:0C:18:80:BF:F2
790,bhphotovideo.com,E7:6D:44:A4:3A:28:2E:7C:70:84:FA:4A:1D:3E:01:DC:8E:E6:93:A2:B8:DA:08:E7:12:7A:68:C7:89:55:1A:FB
802,syosetu.com,F4:9F:3A:6D:78:32:7F:8E:B7:E6:1A:2D:2B:77:BE:1F:8E:13:5F:D8:CF:D5:D0:D2:14:E7:1A:39:F8:FD:42:0F
812,exblog.jp,78:DB:E3:18:54:62:25:89:0A:DA:9D:39:0C:A0:82:9C:39:9D:39:3E:8D:3B:11:EF:91:41:40:A1:1D:27:64:8E
854,tim.it,A0:6A:32:3F:09:87:7A:4B:DF:14:32:37:68:05:41:98:3A:D6:23:BB:7F:4F:A2:DC:62:C4:78:41:4C:D2:2A:75
898,iplt20.com,67:08:97:45:B1:E8:DB:18:42:06:02:F1:9D:85:43:EC:27:22:AD:BC:2D:93:DB:06:4D:DA:C1:3B:1A:1E:C2:1F
899,fanfiction.net,C2:57:95:78:39:B7:14:7B:76:08:9B:EB:58:99:30:FB:E4:1D:3E:7B:D4:F6:C2:F0:35:F3:FE:82:7D:6B:27:FA
900,zara.com,93:DE:24:4E:1C:9D:57:2E:64:FF:51:D4:FD:E7:5A:CD:7F:9B:3D:30:F7:5A:B3:75:D9:10:7B:25:0C:2D:02:7D
903,hepsiburada.com,E7:CF:39:4D:AF:BD:96:69:C9:4E:47:BD:EB:0E:FC:38:6B:C5:B6:6B:0D:97:B9:FF:FF:1D:BE:B1:0F:75:C5:75
908,springer.com,D7:9A:B0:E9:16:78:FD:78:F0:B6:79:08:8F:FA:D3:48:7C:FE:B2:C7:88:C7:FC:0B:BF:32:14:AA:71:8F:5A:D3
910,360doc.com,10:4A:DB:8F:62:63:21:B4:27:21:67:BD:0A:E4:CA:13:D3:26:64:6A:DB:49:E8:9B:79:33:03:C0:08:62:46:31
912,apache.org,E0:5D:55:7F:23:4D:A0:95:2D:7D:03:0F:61:62:66:DB:7B:F3:8C:44:D4:D6:F8:3E:7A:82:6F:36:B1:BD:12:E4
918,excite.co.jp,38:58:16:A3:14:D7:CF:E7:F0:26:C0:5E:A5:05:3B:3B:5D:52:82:78:20:4A:3C:D0:C8:D8:CB:A3:37:B2:FD:F2
947,lemonde.fr,E9:2D:0A:C2:8A:DD:73:97:0F:E8:98:5E:24:65:0C:F1:16:F0:16:77:41:99:18:65:B3:F8:3F:FD:37:E8:C1:72
976,mint.com,1D:BF:1D:B8:63:B9:BD:F5:EC:75:EF:CE:A9:31:9E:3E:F8:BC:B2:D5:0A:A2:32:6E:58:AD:94:D2:B3:BA:F6:1A
983,match.com,C7:DE:0D:6A:30:C9:41:62:A1:3D:E5:AF:27:38:37:04:76:4D:FB:1C:55:CB:CB:BD:1A:B6:AD:47:51:4F:65:F3
1026,poringa.net,C3:B7:7B:92:75:8C:89:B7:E9:55:61:09:7B:44:23:9B:B2:0A:84:43:B0:F2:01:A7:A6:A9:FF:DB:FF:99:6E:DE
1052,backpage.com,D5:80:BD:48:35:84:98:C9:0F:4A:B8:97:E1:F0:A9:86:2A:37:4A:36:8D:C7:5E:C1:C5:59:A9:BB:87:EE:7B:CF
1064,immobilienscout24.de,CB:DB:86:E7:C9:1A:BC:C7:A9:B7:E9:8D:6E:5F:47:F7:EB:E9:6D:4F:D1:B7:7B:82:DE:D4:8A:75:55:C6:98:51
1080,fishki.net,3E:E8:E9:A9:2E:6B:F4:FD:89:75:09:0D:5A:4F:DC:7B:31:AC:D6:89:1C:D3:08:34:68:8C:E0:6D:9D:C9:56:F6
1084,narod.ru,48:15:25:F4:02:EA:B7:C5:82:FC:7F:AB:E9:13:63:13:5B:F4:40:FD:BC:04:AA:38:1A:62:60:4A:09:FC:B7:23
1088,searchalgo.com,D5:80:BD:48:35:84:98:C9:0F:4A:B8:97:E1:F0:A9:86:2A:37:4A:36:8D:C7:5E:C1:C5:59:A9:BB:87:EE:7B:CF
1101,pipeaota.com,E9:2D:0A:C2:8A:DD:73:97:0F:E8:98:5E:24:65:0C:F1:16:F0:16:77:41:99:18:65:B3:F8:3F:FD:37:E8:C1:72
1115,bedbathandbeyond.com,16:D0:34:64:52:5C:92:75:2A:60:BC:07:16:32:F5:A1:D9:55:A8:30:6F:63:F0:EB:5F:03:87:C6:A1:19:E5:B0
1121,abplive.in,D5:80:BD:48:35:84:98:C9:0F:4A:B8:97:E1:F0:A9:86:2A:37:4A:36:8D:C7:5E:C1:C5:59:A9:BB:87:EE:7B:CF
1132,lloydsbank.co.uk,8C:AD:63:A0:31:12:F7:33:3E:27:CB:19:7D:DB:28:87:C2:BF:5F:13:25:12:C2:1B:FC:EE:BA:31:9D:16:ED:06
1167,techradar.com,53:C4:C9:5D:F6:20:AE:4C:74:EB:49:9C:28:80:34:0B:17:EA:77:50:D6:C9:49:7B:5A:85:BF:D3:1E:1D:00:34
1172,cam4.com,96:E5:D8:9F:11:86:31:9E:D2:03:FD:C5:D8:12:B2:AC:72:68:48:A4:8F:5C:7C:35:65:14:F8:51:B2:08:4D:1F
1199,breitbart.com,E9:2D:0A:C2:8A:DD:73:97:0F:E8:98:5E:24:65:0C:F1:16:F0:16:77:41:99:18:65:B3:F8:3F:FD:37:E8:C1:72
1221,garanti.com.tr,6D:1E:16:5E:08:A5:FC:DA:33:A3:5D:96:CF:07:18:50:12:8A:A9:76:FE:FF:C7:79:A8:39:87:6C:F0:0A:7E:FD
1250,joins.com,50:41:B6:11:7E:25:A6:68:49:05:EB:0B:15:E7:02:70:9A:8F:54:62:0A:72:8A:90:9B:AE:6C:5E:FD:98:46:ED
1253,argaam.com,D5:80:BD:48:35:84:98:C9:0F:4A:B8:97:E1:F0:A9:86:2A:37:4A:36:8D:C7:5E:C1:C5:59:A9:BB:87:EE:7B:CF
1279,thepennyhoarder.com,67:08:97:45:B1:E8:DB:18:42:06:02:F1:9D:85:43:EC:27:22:AD:BC:2D:93:DB:06:4D:DA:C1:3B:1A:1E:C2:1F
1280,telekom.com,24:05:31:74:EF:DE:CD:B4:67:87:55:13:22:4E:1A:EC:3D:90:11:04:A0:61:19:F8:94:64:A7:54:D9:C6:30:C1
1281,barclaycardus.com,3F:ED:72:9B:9A:36:4E:8A:4B:84:A2:B9:B0:AD:A4:0B:2B:75:A2:A0:E3:49:F4:ED:9A:7B:42:79:1A:0C:61:9C
1297,gnavi.co.jp,90:33:37:58:29:09:54:45:5F:87:2B:0C:90:21:08:5E:51:4A:0A:72:58:B7:DC:F5:61:C7:D9:C3:A7:9B:8B:C1
1301,filmweb.pl,D6:D3:C4:D2:E1:1C:3D:73:D0:39:57:3F:AF:FC:0D:40:ED:DD:32:C9:6F:65:C5:D3:CB:52:42:45:CC:02:E3:31
1312,barnesandnoble.com,27:F8:85:90:B7:D0:99:A1:17:F1:25:79:F6:57:FF:E0:46:A3:AB:9C:8D:83:EB:8D:FF:98:52:23:9C:2A:4F:81
1322,vente-privee.com,74:3E:90:A6:BC:C5:58:9D:F0:FF:60:1E:32:17:C0:2B:8E:EB:D1:D0:7A:95:CC:8C:D5:F8:A3:98:A5:B2:99:D3
1330,bahn.de,28:7F:BF:CD:0C:74:E7:60:EB:6A:16:8B:80:05:60:0A:D0:B4:B2:3B:13:E6:72:C8:0B:A8:ED:AD:C0:B4:AE:14
1345,gumtree.com.au,4B:45:64:17:BB:6C:7D:F1:EE:96:02:BE:12:5B:4B:30:C4:3D:DF:9E:57:4D:69:D9:E5:1B:5B:AF:64:95:72:2D
1354,starbucks.com,D8:52:78:86:CC:18:55:8A:D8:C3:48:01:16:1F:DD:05:88:E4:98:41:5F:57:C9:15:CF:89:DB:45:3A:DA:05:00
1379,opensubtitles.org,55:12:85:0E:71:59:4D:60:80:21:31:57:C8:7D:8D:D2:D1:B2:BC:45:84:B1:A3:1D:DC:64:2F:BC:EE:65:69:CD
1397,miui.com,36:FE:AA:6E:05:30:E0:CF:D1:C9:83:83:0D:45:38:1A:E1:A2:76:2E:7F:75:80:BD:74:19:93:34:B3:E2:7F:FE
1402,talk.tw,95:35:77:ED:19:87:12:1B:D1:21:C2:23:FF:EA:FD:7A:63:92:84:11:B2:28:3A:61:B5:F7:D6:2C:30:01:0C:19
1425,bankrate.com,F0:A6:7C:5D:7D:2D:B3:8D:96:D5:96:AA:A7:AC:15:DF:0D:DE:06:FB:FA:98:26:86:A8:82:B2:B0:2D:F4:95:F3
1444,yahoo-mbga.jp,AA:69:15:65:FB:D5:19:76:F3:AA:2F:C3:95:34:A5:77:98:C3:11:35:44:EC:7D:41:64:77:2A:F1:7D:28:2A:84
1453,elconfidencial.com,67:08:97:45:B1:E8:DB:18:42:06:02:F1:9D:85:43:EC:27:22:AD:BC:2D:93:DB:06:4D:DA:C1:3B:1A:1E:C2:1F
1475,mts.ru,B7:47:94:E4:D4:88:60:15:18:0B:39:3E:77:3B:8C:2E:D9:A3:5D:6B:AD:FF:03:CD:11:F5:96:3D:90:CB:86:9F
1480,inc.com,92:54:62:FD:F2:E5:A6:F6:6F:3C:9B:C0:E0:EA:7E:66:2F:4D:90:AF:9B:1A:F0:A3:B1:AE:70:F9:4C:E5:93:87
1484,4gamer.net,F8:AD:EC:C8:C9:AA:FD:C4:50:30:54:10:15:C0:0F:DE:7E:F4:1D:A5:28:B9:F4:98:8C:93:C9:99:35:AA:8E:C3
1505,last.fm,BC:1B:F7:35:44:91:C2:8B:82:C5:04:C5:AD:D4:F7:A2:90:6D:9B:50:2C:0D:B1:02:01:57:90:DD:C0:60:12:D1
1514,freelotto.com,13:8A:EC:FB:E1:4C:EB:CE:E3:85:75:57:E5:BF:03:64:30:E2:95:1E:18:5D:22:79:B6:12:29:DB:B6:EB:4F:1C
1518,gazeta.ru,66:7E:F8:21:47:1D:D3:F1:90:7A:0E:CB:EA:2B:39:9B:58:6C:45:BE:7B:9F:96:7B:6E:8A:D5:1A:2D:60:11:7B
1521,citibankonline.com,51:F4:42:AF:9C:77:CE:2A:AF:28:23:48:3B:B4:C9:86:AE:51:77:4A:F4:1E:43:A1:05:9D:0A:E9:62:30:A2:CB
1532,bmi.ir,09:0F:D9:FC:17:3E:4A:70:58:71:9B:AB:27:25:CC:C1:B6:E5:34:2F:8F:91:10:06:A3:75:C4:A3:F5:63:06:A9
1534,arcot.com,72:30:25:A9:DE:C7:B2:6E:81:35:72:3A:C5:54:90:9F:F6:BD:78:7E:F8:6F:2A:CF:28:35:0F:3C:22:EB:DE:13
1541,linternaute.com,5F:83:CC:6C:C5:9C:D2:BC:93:7D:D1:D1:34:5D:12:45:A9:E1:04:D0:9F:54:2B:A9:A4:38:22:FE:56:CF:D3:61
1547,cdc.gov,BA:48:C7:34:01:35:61:9E:D1:F7:83:CA:51:B1:C0:58:77:E6:D0:A1:A0:31:2B:A8:EE:FE:5F:71:21:65:83:68
1555,dpreview.com,6C:37:4E:88:62:5D:AB:5B:DD:B7:71:E5:3C:F2:A1:68:5C:71:49:48:C2:D9:65:9D:48:AE:4D:14:36:00:27:F3
1561,vesti.ru,EA:FE:0D:7A:1F:51:C3:34:C8:5E:A2:66:E9:BB:20:1F:22:17:F7:A7:E1:6C:22:13:6D:9A:E6:11:DF:AC:1A:91
1564,today.com,2B:D6:63:ED:99:B9:9B:1C:CC:F9:D0:93:BA:E0:1E:C4:AD:79:FE:0C:42:E8:0A:52:DC:BA:A5:13:1A:0D:D4:1C
1569,591.com.tw,CC:DE:05:6D:D5:D5:EA:6B:A7:89:40:12:93:36:BB:B4:41:98:ED:99:42:E9:9B:03:0D:83:D7:11:E0:82:62:99
1570,fbsbx.com,A6:26:B1:54:CC:65:63:41:81:25:0B:81:0B:1B:D4:C8:9E:C2:77:CE:A0:8D:78:5E:EB:E7:E7:68:BD:A7:BB:00
1588,autotrader.co.uk,D9:17:A7:3F:7D:FE:7E:F1:EC:F1:26:A4:C6:F8:3B:CD:CB:86:36:ED:AB:CD:34:4B:E3:8B:D1:6C:12:15:34:06
1598,popundertotal.com,55:BB:AD:EB:DC:67:94:1C:04:8C:3F:F2:5C:29:D2:5C:40:20:B3:ED:F9:F4:52:41:08:B6:1C:97:1C:39:6C:8D
1605,patheos.com,D5:80:BD:48:35:84:98:C9:0F:4A:B8:97:E1:F0:A9:86:2A:37:4A:36:8D:C7:5E:C1:C5:59:A9:BB:87:EE:7B:CF
1623,macrumors.com,6C:4F:89:B7:45:E9:06:0B:F0:B4:E0:58:21:E5:67:DC:3B:FE:04:90:0A:65:57:AC:FA:3A:E9:46:D4:49:38:3E
1638,ibtimes.co.uk,0B:21:75:C3:6B:60:85:F6:2E:A2:DD:CF:88:29:D3:66:F5:AF:57:38:3D:62:19:4E:BC:34:7D:AF:5F:E4:6F:77
1676,1111.com.tw,53:BF:BE:39:D6:48:24:70:C8:8B:DF:0D:28:1B:44:34:80:A7:BD:58:9F:21:7E:A5:61:E2:8E:82:1C:AC:89:DB
1688,iciba.com,AA:81:10:38:76:F2:7D:33:E1:0C:31:3A:91:3D:A3:AC:1C:2A:7D:31:F1:D7:48:DD:B2:3D:EA:31:9B:E0:4E:BF
1704,pcgamer.com,53:C4:C9:5D:F6:20:AE:4C:74:EB:49:9C:28:80:34:0B:17:EA:77:50:D6:C9:49:7B:5A:85:BF:D3:1E:1D:00:34
1708,shufoo.net,39:73:AF:F6:09:8E:D3:37:C7:72:2B:19:4B:BE:A6:F4:B1:7C:1A:80:DB:FC:17:50:39:82:03:AD:54:D4:19:6B
1717,peyvandha.ir,F7:31:3F:41:AB:24:3F:F5:E0:C6:92:B3:F6:92:0A:D0:1E:FD:84:46:3C:76:4A:22:21:F4:CC:96:44:4A:00:1E
1760,consumerreports.org,19:24:C7:D6:AC:26:34:78:52:A4:EF:92:4E:D9:EF:17:16:06:0B:E6:A5:7B:10:0C:1E:29:FD:33:43:1B:1E:1F
1782,docusign.net,58:6F:45:82:FB:CA:95:2D:B2:64:0F:D0:74:C5:B0:53:71:D1:5A:18:92:25:F3:35:54:76:20:E4:31:86:A5:F0
1783,huya.com,4A:1F:01:9C:FC:11:AC:E3:94:F4:66:AF:95:62:F2:56:87:A4:F0:E2:92:E7:E8:BF:4C:9F:B2:5D:BD:4A:57:21
1790,ithome.com,AD:F6:34:FB:D1:54:31:9E:51:66:85:78:73:C5:3E:DB:63:59:BF:1C:2F:41:00:11:8F:F8:93:FB:53:D3:0C:A7
1798,leadzupc.com,0C:1A:4D:29:1E:BD:27:49:F1:80:A3:CB:27:09:D1:DC:C6:40:18:DC:03:1F:34:14:C4:3C:36:97:22:64:0D:9A
1818,roasted.com,CA:5C:57:BE:E6:AB:21:C0:55:DC:DB:E8:AD:25:FE:EF:6D:17:64:A9:2E:2A:AA:AD:B5:D5:5F:B6:67:C3:F8:AC
1846,fromdoctopdf.com,E3:DA:9B:4E:4C:9A:02:55:CA:81:C1:0D:83:A5:42:AC:D3:3C:CE:7A:A6:92:74:C4:EA:84:0B:22:A8:49:F9:D4
1860,mixplugin.com,D5:80:BD:48:35:84:98:C9:0F:4A:B8:97:E1:F0:A9:86:2A:37:4A:36:8D:C7:5E:C1:C5:59:A9:BB:87:EE:7B:CF
1881,safefinder.com,38:14:A4:A5:F6:61:B7:C8:D6:87:35:B8:97:FA:D3:23:3E:A6:A3:C8:48:B5:77:D8:F8:63:CF:5F:17:0B:27:62
1889,ragestream.com,54:10:EE:A0:22:36:19:CB:F5:DD:81:F1:BA:CF:D6:87:5F:91:FB:28:ED:B3:98:80:41:52:34:B0:E5:61:42:54
1897,thesun.co.uk,D4:78:92:68:58:91:DF:56:B1:85:8B:26:31:1B:C7:B1:76:B4:78:93:EA:C0:5F:C3:03:7A:E1:C0:09:64:9D:B6
1902,resultados-futbol.com,4D:36:C6:FC:C8:C3:7B:99:F7:F7:C2:38:6A:9B:3F:CE:3D:EE:A1:24:CB:D9:47:03:5E:98:95:F2:45:DB:5B:B0
1925,gumtree.co.za,AD:A3:9E:46:71:31:C9:62:FB:48:90:D8:27:42:BE:B3:05:5A:6E:D7:B0:75:17:F9:C0:DF:F5:BD:C5:99:6C:0A
1934,videodownloadconverter.com,E3:DA:9B:4E:4C:9A:02:55:CA:81:C1:0D:83:A5:42:AC:D3:3C:CE:7A:A6:92:74:C4:EA:84:0B:22:A8:49:F9:D4
1960,ucoz.ru,48:15:25:F4:02:EA:B7:C5:82:FC:7F:AB:E9:13:63:13:5B:F4:40:FD:BC:04:AA:38:1A:62:60:4A:09:FC:B7:23
1985,softbank.jp,C6:B0:CD:85:32:9F:01:1E:98:48:6E:97:D6:68:9F:87:EB:80:40:E3:CF:A8:2D:CF:E5:26:2A:E8:09:37:8B:C7
1989,zeit.de,E5:9F:62:EB:8A:FB:18:79:B8:07:56:C3:9F:AD:88:C9:BB:2F:72:AF:AE:60:52:2E:EB:43:65:43:DA:C9:CC:EC
1990,bizjournals.com,3E:FC:CC:57:98:A9:2A:A9:E3:70:D6:EE:35:67:CC:D5:D8:05:6E:98:FE:4A:55:48:A7:93:B2:78:6B:D9:C4:D1
2028,rougeframboise.com,29:ED:D7:8C:08:C9:65:E0:76:18:61:30:96:65:BD:59:D4:C0:97:2C:0A:00:88:67:D3:A3:CB:EA:61:97:84:BE
2048,city-data.com,D5:74:32:3C:32:6B:4C:97:2E:0B:8D:60:78:18:9B:C2:33:DF:A2:D4:86:AA:BB:97:F8:D7:82:ED:4C:44:23:83
2051,suruga-ya.jp,83:65:1E:47:C8:98:CC:8A:9D:B0:98:36:D2:52:F0:DA:23:D3:B0:D9:BB:41:73:F8:DF:14:23:32:BA:A0:27:E7
2057,snopes.com,BF:3B:A4:FE:E1:70:00:DC:2D:00:65:21:5A:82:DD:32:98:73:13:2E:38:48:55:9B:62:DB:C0:58:E9:1B:9E:F1
2062,zimbio.com,8B:D3:4D:93:54:6C:54:75:76:99:80:1D:13:91:EA:43:0E:34:A4:AF:2E:99:FB:B5:AD:74:F3:4F:79:AC:11:0B
2065,arecio.work,C4:B4:45:96:C5:94:9A:9E:E3:46:8A:C0:F3:FF:8A:3F:E8:95:98:F6:C6:A6:60:19:FF:AD:2B:61:D5:61:C9:1C
2088,sbi.co.in,54:D3:DA:7A:83:33:35:ED:E4:1B:D0:BA:F2:5D:64:A8:14:BD:EF:EF:4C:43:1E:91:45:73:1D:99:F3:91:6F:88
2140,theweathernetwork.com,6A:40:94:F0:AA:44:5F:C5:4B:0B:D9:B4:4D:D2:57:FA:88:A7:57:E6:FB:6A:36:4A:66:9E:40:5E:2F:A7:AA:F5
2142,cheatsheet.com,F8:AF:7C:B4:E8:73:85:A1:1D:BB:B6:EF:EE:DC:4A:D4:E8:C8:16:E7:63:4F:9F:C0:3E:3C:39:81:55:B1:21:E0
2153,mawdoo3.com,8B:D3:4D:93:54:6C:54:75:76:99:80:1D:13:91:EA:43:0E:34:A4:AF:2E:99:FB:B5:AD:74:F3:4F:79:AC:11:0B
2160,espeedcheck.com,C2:57:95:78:39:B7:14:7B:76:08:9B:EB:58:99:30:FB:E4:1D:3E:7B:D4:F6:C2:F0:35:F3:FE:82:7D:6B:27:FA
2164,estadao.com.br,E9:06:6A:C3:97:D2:4A:7D:DC:EA:6E:4C:3C:95:CE:12:4A:0A:35:4F:0B:DB:7A:4A:8D:AD:AD:3D:35:42:F8:1A
2194,columbia.edu,FD:9F:1A:58:AF:B2:67:EA:E1:14:FB:2D:57:D3:34:3A:C5:98:34:70:08:DF:39:48:C3:9F:4C:E8:4A:7E:9A:C1
2237,mundodeportivo.com,59:E6:41:E5:AC:A8:AE:67:DA:F5:13:29:2F:AA:BB:46:2B:AB:A6:CF:CE:7F:8A:F0:87:A5:A3:2C:92:79:48:D0
2268,lonelyplanet.com,07:73:FA:51:3F:54:3C:AF:FF:8F:E5:30:95:9F:8F:AD:68:B7:C9:C5:8D:5A:80:DB:92:0C:58:EA:74:D8:C9:E1
2273,societegenerale.fr,5F:91:3A:5F:92:56:2F:1E:F2:39:D0:2A:4E:AD:65:CC:C4:E3:6F:69:E9:28:14:FB:EC:67:BF:09:0F:67:B5:B2
2284,fnac.com,99:D8:C4:BA:5B:B7:1F:B8:44:A7:D6:DF:1A:F3:E4:5D:1E:93:43:F8:C2:2D:1B:C4:37:AD:98:94:1F:1C:86:9E
2303,goo-net.com,FE:15:FA:7B:67:A2:BE:F6:8F:DB:D1:3C:32:29:87:40:C9:9D:DA:AA:65:1D:BE:A5:63:C3:8F:D2:19:BD:15:FD
2309,academic.ru,4B:1D:DC:F5:07:CA:FF:7B:C1:49:30:17:E3:A9:0A:40:2E:60:89:DE:60:E2:02:E1:3D:6F:6A:3F:53:FD:19:C3
2318,khan.co.kr,05:F0:AF:26:1E:9D:72:76:B7:C8:BF:91:22:CE:0E:35:05:4B:35:7A:12:FD:52:85:57:44:A3:C7:CD:85:60:76
2322,gumtree.pl,06:C5:53:8D:99:64:AD:9B:E9:0B:7B:24:A4:D3:3D:E8:A6:97:62:8F:AF:F3:34:42:02:2D:AA:66:FC:48:BB:68
2358,coolmath-games.com,CA:5C:57:BE:E6:AB:21:C0:55:DC:DB:E8:AD:25:FE:EF:6D:17:64:A9:2E:2A:AA:AD:B5:D5:5F:B6:67:C3:F8:AC
2381,andhrajyothy.com,D5:80:BD:48:35:84:98:C9:0F:4A:B8:97:E1:F0:A9:86:2A:37:4A:36:8D:C7:5E:C1:C5:59:A9:BB:87:EE:7B:CF
2399,bigpoint.com,98:54:FF:A4:67:30:A1:A5:C8:E4:CB:3B:88:87:DB:27:97:8E:C7:BB:3E:50:57:EC:9C:E5:B3:95:DA:59:51:C7
2402,vtv.vn,8B:95:14:53:C7:EA:AA:5A:B2:40:7B:F9:1E:C0:17:E5:75:07:1C:79:9C:80:14:C9:62:FB:08:70:9D:EF:33:61
2420,leroymerlin.fr,67:0F:78:9A:0B:B8:AE:89:34:12:53:DD:6F:76:A8:24:1D:94:BD:E4:8E:9D:44:84:4F:1D:28:4D:FA:79:3F:F5
2424,fakt.pl,12:A5:58:5F:E7:59:63:FE:65:23:AD:BB:E8:BC:CC:E0:AA:65:D1:1A:FD:CA:FE:33:10:DF:D6:35:88:83:A7:0E
2436,jetblue.com,4A:DB:7C:F6:E3:73:A4:94:68:2C:FD:59:5F:19:6E:0F:54:05:81:49:22:61:6E:74:F5:C9:25:9E:54:30:4D:27
2464,libraryreserve.com,61:78:BF:37:8E:34:C6:69:DF:50:FF:B9:1D:43:44:3A:4C:0A:63:6F:2F:F9:B9:20:D6:F6:DB:12:EA:05:0D:BF
2467,screenrant.com,0B:93:1B:66:8F:45:CE:9A:70:BF:02:89:20:4D:A7:E1:15:61:63:78:03:FC:A0:46:8F:61:E3:77:40:8F:27:FF
2470,sky.it,E0:43:35:D2:16:E9:2D:E0:B8:82:51:39:96:E8:27:BD:13:65:7F:6A:DA:55:B7:EF:BC:95:11:B1:68:98:A8:66
2475,books.com.tw,75:D4:8A:34:0E:EB:70:38:7A:5C:D5:D1:A0:AD:BC:01:9C:93:82:7D:65:9F:B9:FF:E5:1E:FD:AF:F9:A7:3E:16
2479,ponparemall.com,19:3F:FB:7F:EE:CC:A2:4D:A5:23:F2:A2:72:A0:50:87:3C:54:36:8C:D5:B9:E8:F7:DA:AC:01:C9:E2:85:29:61
2492,manta.com,A8:D8:62:1A:01:38:37:93:55:E0:F5:E3:8A:A8:EE:CD:F4:13:B3:2A:F2:0F:E7:B9:E9:94:DE:B3:F0:36:D9:17
2516,trovaprezzi.it,38:14:A4:A5:F6:61:B7:C8:D6:87:35:B8:97:FA:D3:23:3E:A6:A3:C8:48:B5:77:D8:F8:63:CF:5F:17:0B:27:62
2524,vodafone.in,73:87:9A:31:30:3A:74:39:42:3B:5E:94:70:04:B9:5C:72:3B:8E:A6:33:42:44:AB:69:40:C9:C0:C5:E2:7C:1B
2528,kijiji.it,D5:74:F0:5D:48:5B:B4:D6:EA:DB:A9:F7:C1:C5:33:6D:3E:63:57:29:FD:DE:99:7F:87:90:E6:2F:04:51:00:1A
2533,blkget8.com,D5:80:BD:48:35:84:98:C9:0F:4A:B8:97:E1:F0:A9:86:2A:37:4A:36:8D:C7:5E:C1:C5:59:A9:BB:87:EE:7B:CF
2534,neogaf.com,3D:76:52:B5:79:52:B6:97:77:CE:CE:CE:04:63:72:63:B2:2C:BD:2D:D2:B3:8B:EF:6A:BE:92:F3:E8:27:61:BA
2545,srnk.club,5B:5F:97:DD:A1:A5:11:B6:E1:B0:0D:5F:D1:E9:18:56:9F:6C:7C:F9:F2:0D:EB:04:CD:6D:31:04:2A:50:A2:55
2570,blic.rs,EE:98:0A:B5:F3:C4:6A:16:9C:35:45:A6:CF:7C:68:F9:B5:60:53:86:3A:36:87:ED:1C:4C:8F:E4:68:D8:4C:65
2598,sagepub.com,D8:A0:79:1D:73:A4:4E:5B:CB:95:D4:5B:DE:E8:77:4F:B0:10:06:D3:23:37:C6:39:22:DF:A5:52:0A:29:F6:94
2600,williamhill.com,E0:59:04:FF:1D:F8:52:BD:9B:FD:37:73:8D:4F:03:D9:F0:8A:FC:FC:3A:B0:6E:5F:72:11:7F:40:6B:2B:A0:33
2650,emuparadise.me,D5:80:BD:48:35:84:98:C9:0F:4A:B8:97:E1:F0:A9:86:2A:37:4A:36:8D:C7:5E:C1:C5:59:A9:BB:87:EE:7B:CF
2652,startimes.com,E0:6D:D0:B1:54:CA:03:2D:CC:C3:F5:07:C2:73:52:AF:41:B1:3B:6F:AF:BA:2C:84:C3:16:2D:D5:F7:DA:43:09
2679,newsmax.com,3C:66:6B:7C:6B:0B:FC:65:64:7F:75:42:EE:8B:D7:AC:2B:6B:3C:B8:BB:A0:1D:A1:8C:CC:C9:8F:8D:64:98:B4
2691,camelcamelcamel.com,86:D3:8C:C3:82:88:8E:71:8C:C9:41:B3:B8:3A:3D:73:F3:8A:3E:F5:D8:D0:2C:C7:CB:75:87:DB:22:0F:AC:D8
2708,rentalcars.com,B7:B6:5E:40:DF:19:72:67:A1:E5:A6:AB:BB:D9:75:D6:9C:D1:47:D1:53:2D:18:6D:FC:E5:E0:C9:8D:01:FE:D0
2714,leparisien.fr,12:5C:1A:5B:F4:BA:05:E8:AF:9E:15:94:67:AA:73:45:81:52:77:AF:8F:76:1B:40:42:38:CA:9E:97:A9:0E:77
2716,kalerkantho.com,94:AB:C5:B1:85:75:11:82:FD:9F:10:70:15:BB:95:95:63:65:F0:60:05:EC:01:8A:01:75:93:F2:43:A0:B9:5D
2740,popkade.ir,55:D1:B1:FB:FD:07:38:31:DC:B8:DB:8E:9E:19:BF:9E:27:EB:0C:A0:48:86:29:D0:3A:89:BF:68:41:A0:A7:EE
2744,cnyes.com,AF:DF:31:0B:3B:CD:17:71:46:CA:E1:3D:A4:39:1B:E4:FC:13:01:FA:D4:F9:52:5F:55:9B:D2:E7:C3:EE:05:06
2775,vic.gov.au,58:23:D7:36:7B:F1:77:96:FF:BC:F7:2A:35:EE:0B:36:04:67:A2:CC:CE:B0:86:1E:83:7D:66:1A:3E:87:2B:DB
2845,abnamro.nl,B7:82:DD:81:40:8E:89:60:62:FB:24:C8:BB:AE:A2:8A:50:54:AE:FD:44:A8:C0:17:90:04:32:D2:AF:FD:9C:42
2877,marmiton.org,51:9A:2A:65:84:C7:BF:D9:51:1F:FE:18:F5:44:7D:38:88:8D:83:70:74:C1:78:EE:8D:1B:09:59:29:E5:DB:E9
2886,myappline.com,C2:57:95:78:39:B7:14:7B:76:08:9B:EB:58:99:30:FB:E4:1D:3E:7B:D4:F6:C2:F0:35:F3:FE:82:7D:6B:27:FA
2904,springfile.org,58:93:D4:24:A0:DA:B7:D1:14:E6:53:F9:26:28:06:AF:8F:21:EE:38:23:44:BE:60:82:67:83:68:6F:2F:F4:1C
2925,cheapoair.com,93:F9:7C:23:0B:75:9C:30:73:20:22:3D:3F:5E:14:E6:69:33:21:EB:27:89:0F:EE:CB:51:18:81:A9:61:74:5F
2932,creativebloq.com,53:C4:C9:5D:F6:20:AE:4C:74:EB:49:9C:28:80:34:0B:17:EA:77:50:D6:C9:49:7B:5A:85:BF:D3:1E:1D:00:34
2944,jkforum.net,E4:4D:80:5D:8D:D9:8D:88:41:BD:77:8E:95:3A:F8:17:DB:7A:EE:C5:0C:D2:18:C2:15:54:54:69:E2:B1:4A:71
2948,lloydsbank.com,8C:AD:63:A0:31:12:F7:33:3E:27:CB:19:7D:DB:28:87:C2:BF:5F:13:25:12:C2:1B:FC:EE:BA:31:9D:16:ED:06
2957,ipeen.com.tw,60:6A:FF:02:5C:65:DD:46:A3:6F:DC:ED:F3:6A:9F:25:DB:C1:66:3E:5B:83:A1:1C:92:7F:39:05:27:0A:B4:4A
3021,eltiempo.com,4B:2E:01:6F:63:A8:46:3F:87:E6:CE:75:94:A8:79:1E:E0:A5:72:76:E2:05:08:1B:A6:29:E2:67:C3:A9:D3:5F
3023,accenture.com,34:33:A6:41:7F:DE:FE:89:50:54:AD:A6:3B:16:42:66:01:57:81:FE:35:07:D2:1B:63:72:F2:D1:A0:6D:A2:36
3073,myradioaccess.com,E3:DA:9B:4E:4C:9A:02:55:CA:81:C1:0D:83:A5:42:AC:D3:3C:CE:7A:A6:92:74:C4:EA:84:0B:22:A8:49:F9:D4
3092,stargames.com,61:78:2B:41:34:9B:3B:8A:CD:AC:2F:91:ED:57:05:81:6B:80:81:D0:FB:B2:CE:42:A9:AB:4F:A1:32:7A:04:7B
3124,tvtropes.org,BF:3B:A4:FE:E1:70:00:DC:2D:00:65:21:5A:82:DD:32:98:73:13:2E:38:48:55:9B:62:DB:C0:58:E9:1B:9E:F1
3136,xl.pt,78:A2:CC:B1:0C:81:E8:07:C1:4B:43:D7:1E:92:49:F7:6B:B0:34:A4:AD:7B:AA:73:46:2A:91:AD:CE:D3:14:09
3178,governmentjobs.com,FA:50:88:BB:40:5B:A2:4F:69:B5:12:88:D2:EC:E9:D3:62:13:55:F3:5B:B1:0C:D6:53:DB:0C:18:7F:CD:9B:94
3187,blkget5.com,C2:57:95:78:39:B7:14:7B:76:08:9B:EB:58:99:30:FB:E4:1D:3E:7B:D4:F6:C2:F0:35:F3:FE:82:7D:6B:27:FA
3188,freenet.de,E8:12:8A:D8:7D:09:45:EB:6E:C9:C5:22:DE:77:02:46:E8:BB:7D:71:EE:BD:C4:75:9D:C4:04:A8:3C:38:E4:65
3234,fssnet.co.in,9B:D4:C9:69:06:23:55:17:9F:09:31:04:27:0B:F7:0C:B7:25:E9:14:05:0B:B9:A5:CE:C4:B5:FB:FC:D2:F9:01
3254,commonhealth.com.tw,ED:DA:86:7C:E5:53:20:FE:E1:6F:4F:4A:99:C1:5D:AB:70:3D:5F:72:64:6C:BF:1C:69:B1:43:05:9A:A6:7C:F0
3263,leadpages.co,D5:80:BD:48:35:84:98:C9:0F:4A:B8:97:E1:F0:A9:86:2A:37:4A:36:8D:C7:5E:C1:C5:59:A9:BB:87:EE:7B:CF
3266,francetvinfo.fr,03:73:49:1A:DB:AE:78:07:8A:C9:63:94:62:A7:FB:AC:CA:C9:C6:15:32:1A:D7:79:E4:B7:1D:E8:A5:46:62:D5
3276,rotahaber.com,56:C1:64:6D:96:04:92:F8:8B:83:E0:15:00:0B:CD:FC:11:88:B0:0C:D0:A2:D1:87:20:52:D1:51:F6:64:C2:2A
3284,service-public.fr,B3:4B:6F:B6:A9:F8:F8:D1:4C:30:77:D6:B1:E0:89:A7:B9:00:8B:71:E2:99:DF:BD:EE:C8:8E:C1:30:AD:4C:F6
3294,creditonebank.com,22:7F:29:8F:8D:29:09:C5:28:A0:43:34:D6:CE:74:C4:CF:97:39:74:10:05:B8:93:FF:D3:48:3C:7A:14:3C:B7
3332,arabytracking.com,94:42:F8:2C:B9:87:78:A4:18:4E:E8:E9:CE:D5:D2:2B:A3:EF:88:4B:B8:C1:80:72:09:5A:AB:46:89:BF:7E:E6
3339,banamex.com.mx,4D:0D:74:E1:62:2A:F9:58:1D:AF:4A:9E:30:7B:22:12:45:B1:7C:84:6A:6D:33:A2:A8:59:24:B8:74:45:AD:B2
3340,etnet.com.hk,0E:A7:F0:69:75:24:F5:97:02:67:FB:2A:5E:C2:90:41:C2:6D:D0:2D:C3:4F:AB:3B:EA:C1:F9:FD:BD:BF:F2:04
3390,definicion.de,5E:2F:82:95:BE:DD:7B:E4:C1:2C:BC:3B:56:C9:F7:6F:A3:EF:6E:76:D6:8D:6E:80:51:AC:E3:61:D6:90:81:4E
3392,modcloth.com,CA:5C:57:BE:E6:AB:21:C0:55:DC:DB:E8:AD:25:FE:EF:6D:17:64:A9:2E:2A:AA:AD:B5:D5:5F:B6:67:C3:F8:AC
3404,alarab.com,B1:8E:01:DD:83:C4:7B:48:D8:B2:FB:EE:70:A9:55:D8:A7:1C:C5:04:44:C6:35:E6:F7:51:05:CD:1F:73:52:81
3405,nex1music.ir,59:08:8F:0F:A8:F7:93:63:A9:0E:19:04:25:A6:25:E5:9A:39:15:01:C0:DE:D3:2C:8F:66:D4:F2:6C:86:3C:51
3410,teamliquid.net,A6:59:1A:31:52:84:12:75:CE:0A:D5:89:8E:E0:9A:F9:E6:E8:B7:4E:0A:1C:06:6D:42:ED:00:D3:CC:63:93:AA
3411,probuilds.net,67:08:97:45:B1:E8:DB:18:42:06:02:F1:9D:85:43:EC:27:22:AD:BC:2D:93:DB:06:4D:DA:C1:3B:1A:1E:C2:1F
3418,mk.ru,F6:45:30:0E:3F:55:1E:D8:62:38:7E:60:C5:25:C0:55:B5:AB:81:BA:07:DB:B2:76:1D:5E:D1:D7:92:67:F9:45
3424,fmworld.net,2E:EB:AE:57:BF:B6:60:00:D5:60:DD:06:F2:99:E5:7D:24:52:B6:84:69:88:52:35:A3:24:A7:10:B8:62:7A:47
3426,csod.com,24:15:82:05:1C:9A:26:1A:0E:5A:31:94:BB:FC:ED:99:70:85:8B:30:31:3C:4E:78:1F:3B:9C:72:5A:8D:73:37
3436,1stbrowser.com,F1:00:CF:EA:A2:6D:62:71:F9:53:62:53:14:F4:0C:07:F9:22:7D:C5:52:18:38:3C:83:12:C8:59:19:D9:63:73
3459,garena.com,43:3E:8C:E8:96:86:0D:B6:3C:D5:3E:FE:47:E3:AB:87:BB:C3:5B:A6:9E:D9:4A:C1:8E:71:E1:A5:31:C8:0E:27
3463,mysurvey.com,DA:DD:AD:05:EA:50:2A:5B:E6:4A:7E:94:E9:1D:19:A1:CC:7E:FE:6C:C8:8B:79:04:A1:95:09:7B:9A:47:03:E5
3475,soy502.com,D4:06:80:F3:DB:E3:E1:66:54:8E:8B:07:C6:6D:0C:E3:7F:E1:6A:BF:6B:F5:E7:99:AF:BC:69:65:69:C8:7B:DE
3480,netgear.com,12:13:9A:90:06:72:9E:19:3B:88:1F:35:0D:45:85:F5:56:D2:19:73:69:BA:D2:8D:39:72:A6:BF:76:91:A3:EA
3518,popupads.ir,75:EF:66:99:64:1E:8C:3F:BA:08:08:47:2E:23:AA:F3:08:03:9B:BC:14:F1:90:8E:D7:A2:71:34:B5:D7:F0:5F
3533,adweek.com,A0:F0:16:07:84:41:94:03:DC:02:25:0F:54:61:95:21:12:6A:AA:F2:5B:FE:09:D2:25:03:0C:BF:0B:02:0E:3D
3553,championselect.net,CA:5C:57:BE:E6:AB:21:C0:55:DC:DB:E8:AD:25:FE:EF:6D:17:64:A9:2E:2A:AA:AD:B5:D5:5F:B6:67:C3:F8:AC
3562,hola.com,09:7B:FD:AF:F2:2C:9C:8B:57:AB:C3:11:5B:0E:06:AC:4F:D6:D3:91:B4:9A:C7:67:C9:B4:9A:9C:C2:18:0D:3C
3568,mr-jatt.com,0E:CA:F6:58:0F:79:B4:A3:19:AA:05:AB:E3:2F:92:1E:F6:61:D8:23:A2:C0:03:DA:87:D9:DC:EB:84:01:AF:DB
3572,parenting.com.tw,D2:0F:9E:47:1D:E9:3C:51:E9:7E:1D:E0:F2:26:DF:6F:EF:00:00:FF:9C:81:A5:7D:5E:68:16:BD:9E:B3:53:AB
3581,unc.edu,44:3E:A4:0E:E0:1A:98:3F:90:CD:A5:2F:5B:5E:83:20:0E:1E:E4:9A:BD:D9:A9:76:C0:54:42:7E:F7:B9:ED:2A
3602,sidecubes.com,38:14:A4:A5:F6:61:B7:C8:D6:87:35:B8:97:FA:D3:23:3E:A6:A3:C8:48:B5:77:D8:F8:63:CF:5F:17:0B:27:62
3607,royalmail.com,38:10:32:42:09:40:26:99:8B:66:41:48:36:A9:FF:3A:0B:B8:1E:AD:46:0B:C9:00:E0:14:17:BB:C8:7D:51:5C
3626,honda.com,BC:80:22:FA:E1:BD:B6:DB:B5:29:FF:E1:5C:62:3F:30:08:35:97:B9:07:0F:3E:E0:7D:EF:C4:68:74:24:D8:75
3634,computerhope.com,8C:F0:9E:6F:FF:FC:1B:1B:36:08:9A:0B:E7:FE:CD:38:DB:AA:E4:34:D8:5D:B5:AF:8A:87:4C:8E:FE:EA:CB:E5
3642,ole.com.ar,3B:DD:C7:EC:30:98:D1:73:A6:2E:96:5C:57:3B:F0:9B:51:66:69:19:8B:51:0C:D3:A0:86:48:08:7B:37:2F:80
3682,bestbuy.ca,57:EB:82:61:17:1B:7B:76:D8:0B:8A:74:B8:F9:5C:51:57:36:DF:CC:4D:00:FF:82:D0:75:E3:86:05:76:39:88
3697,t-nation.com,23:67:81:1D:BD:07:A6:5C:D2:49:D8:97:D6:59:BD:0D:93:2B:3D:B6:85:83:3B:E3:9E:D6:B4:DB:58:BE:A8:FC
3698,movistar.es,6D:D2:8A:BC:6A:E1:FF:6A:13:7B:84:FE:CF:46:A5:2D:3A:78:C6:F5:D9:E5:2A:79:91:CF:DF:26:31:42:36:45
3713,boots.com,A7:74:FC:B5:15:1D:E0:E7:15:71:54:E6:2F:E9:70:46:46:79:C9:1B:7F:C0:F5:A5:96:99:40:A9:82:6F:02:A0
3718,afip.gob.ar,F3:A4:1C:B4:82:22:81:87:A8:63:86:55:7F:E0:BA:05:70:BD:22:45:F7:CE:20:92:FD:92:5D:62:DA:64:A6:35
3777,main.jp,2E:2F:A0:3F:1E:F0:03:FF:31:3F:E6:49:27:5D:59:43:AB:58:3B:4C:AA:2D:DF:08:BF:35:34:66:98:A0:73:9A
3783,arcor.de,F6:67:8B:52:08:39:0F:B1:27:94:3A:9A:B3:46:2B:6E:A1:92:89:63:24:14:AE:9F:9F:44:59:DD:F5:CA:A3:8F
3785,walmart.ca,BD:A7:6A:40:40:64:FB:50:BA:18:4D:0B:0E:D4:92:54:90:7E:B9:0F:3A:A4:6B:AA:DE:51:2D:37:65:14:03:41
3792,mapsofindia.com,EB:AC:00:0D:29:2D:E8:C5:35:68:32:87:C4:70:03:C5:6F:87:B4:1B:D3:BD:72:3B:2A:29:D2:EC:E5:68:29:7A
3802,paginegialle.it,B2:29:04:96:5F:F2:62:1F:20:8A:E3:22:FE:6F:08:52:E9:CD:59:86:6C:FA:00:41:0E:CE:5B:BD:9F:C4:CB:84
3809,fundsxpress.com,0E:45:EB:67:17:8C:C0:3F:A1:FE:E6:D2:AC:9F:E2:AA:5B:79:AB:6F:C6:0B:A3:61:13:DC:2E:72:0D:18:4C:73
3831,lifehacker.jp,67:08:97:45:B1:E8:DB:18:42:06:02:F1:9D:85:43:EC:27:22:AD:BC:2D:93:DB:06:4D:DA:C1:3B:1A:1E:C2:1F
3839,shein.com,8D:3E:3C:57:2D:C7:60:37:84:2D:0A:24:A9:68:EE:2A:D0:57:48:2C:44:B1:AA:76:C5:3E:4A:11:B2:20:26:16
3841,dardarkom.com,67:04:AA:7D:67:39:BD:CB:E9:A3:6C:A0:AA:CD:69:EF:F4:90:F5:46:CC:9C:26:4B:63:19:1C:B7:CE:C7:49:9A
3844,firefoxchina.cn,FB:C5:A4:AB:66:4C:C1:F6:BA:EA:B8:7F:11:B4:42:4F:FF:FF:AA:10:19:B2:49:1D:5C:56:83:76:C1:35:13:D3
3858,ponta.jp,D9:32:6F:D6:52:C7:53:E5:90:83:DD:51:7A:2C:6C:BE:BE:B1:BE:DD:21:0E:5B:E0:CD:FA:B7:E6:0D:92:DA:8D
3871,rotoworld.com,BF:54:4B:BA:B3:93:FA:0B:19:C4:07:75:F7:6F:50:8C:59:EF:05:2C:3B:09:19:6E:07:E5:EC:D9:01:C6:8A:51
3876,jobsdb.com,15:9B:A6:44:86:5D:CF:2E:F4:1E:A7:33:71:73:96:1B:AC:D1:DB:1D:02:A9:EC:A3:8E:FD:76:BF:C2:EE:CD:42
3884,dose.com,B7:FB:6E:58:9E:A3:B6:ED:AA:D7:15:84:3E:9C:C5:17:2B:EA:87:26:4C:CD:8C:FE:4D:A4:00:3E:D7:FE:A9:BF
3885,dealmoon.com,17:50:17:2B:01:F6:51:BC:E0:31:DE:87:1C:E1:D3:98:A7:B4:D1:7C:48:6E:F6:F3:86:9F:35:B1:63:C2:65:0D
3886,adobeconnect.com,E2:1B:05:5C:F7:79:2F:99:3C:8D:5C:B1:C7:62:43:D6:B4:B2:55:57:99:93:0F:E4:B2:FA:B5:FB:37:1E:76:D0
3887,vodafone.it,4A:63:35:7D:08:EA:BB:30:3D:B0:84:A8:5C:49:75:E7:5A:75:A2:14:B2:4F:8A:98:97:05:13:76:8D:BB:B4:F3
3892,player.pl,79:00:2C:23:78:D9:E0:0D:BE:97:07:39:E2:32:F9:B5:B3:45:E6:86:03:19:F3:88:9D:DD:2B:BE:C5:86:2B:53
3893,patrika.com,3C:29:39:D4:BA:0B:C4:75:00:AE:EF:4F:F3:39:00:F6:30:2E:37:A2:E7:9F:65:A2:7C:6D:BF:1D:14:48:09:04
3916,netkeiba.com,C6:1C:D8:7E:1A:C6:8D:EA:72:B5:57:29:77:FD:74:F2:07:84:0A:09:C8:A3:21:A6:69:AE:AD:D9:D7:A5:A4:9D
3937,hmv.co.jp,86:4A:69:C1:E7:D5:CC:89:9D:A9:28:31:3D:B5:A9:91:DA:06:86:6C:5E:E2:38:68:97:C4:01:70:D5:E3:A1:10
3941,rpp.pe,67:08:97:45:B1:E8:DB:18:42:06:02:F1:9D:85:43:EC:27:22:AD:BC:2D:93:DB:06:4D:DA:C1:3B:1A:1E:C2:1F
3951,lifo.gr,74:60:15:CA:DE:D3:9B:20:0D:B8:69:FC:81:BA:07:50:96:F9:CB:49:BF:DB:82:0A:EF:F2:41:94:F7:CD:20:B8
3966,aufeminin.com,E2:55:A0:FA:5B:E4:11:42:D0:DD:BB:6A:18:1A:50:3C:BC:F6:90:A8:A1:C3:27:5D:BC:CA:B2:F8:42:58:E2:0F
3978,banorte.com,22:D2:CC:41:B1:A5:D7:8B:D5:35:7C:38:5C:27:2E:13:81:16:87:E7:13:AE:AA:BB:89:AE:A9:DE:92:19:E7:4E
4033,oanda.com,6D:9C:8F:F9:21:D4:04:E2:2F:C9:72:F6:24:61:59:14:E8:F1:19:9A:27:BF:5F:85:F7:D3:44:DA:E8:8E:B2:9E
4049,vidtomp3.com,A7:46:5A:FF:D5:91:2D:8F:3F:1D:A2:89:47:20:E3:21:52:76:AC:ED:70:F0:A7:B7:B7:66:C0:AE:2E:26:73:C0
4055,pekao24.pl,3C:6C:76:24:35:40:1E:62:A6:E3:BD:E2:A5:57:1F:57:5F:29:3F:8C:75:95:19:95:4A:8C:D1:CC:BA:4F:73:70
4064,underarmour.com,D5:80:BD:48:35:84:98:C9:0F:4A:B8:97:E1:F0:A9:86:2A:37:4A:36:8D:C7:5E:C1:C5:59:A9:BB:87:EE:7B:CF
4089,loft.com,E4:C9:C0:E9:51:4E:20:FA:23:5F:BE:37:55:4D:BB:60:22:3F:6C:E7:A8:65:75:69:AC:D4:18:43:63:95:15:E2
4121,qld.gov.au,FD:7F:85:6D:9F:56:E6:05:68:4E:9B:1A:65:7D:BD:03:B4:93:35:4A:C5:A6:27:9B:16:A3:66:9C:61:4F:13:24
4128,ntv.co.jp,71:AE:8C:E7:EE:62:F0:58:3B:1E:75:71:E8:4F:33:EF:2A:F9:99:C5:5C:89:C6:65:39:08:CC:B7:59:7D:6A:9E
4139,comicbookresources.com,77:FF:34:E4:35:C3:C8:CA:63:C9:70:DB:0E:94:49:34:4D:7D:E3:86:4B:77:41:E4:CD:CD:6B:FF:D6:B4:EB:A9
4152,smbc-comics.com,0E:E6:C5:A1:6C:27:5B:88:45:31:3F:43:F3:43:C9:C9:43:4E:61:36:E5:56:54:67:00:C9:0D:1E:D6:76:68:A3
4191,virginia.edu,89:2C:E0:76:97:62:1B:5A:21:CA:97:3F:30:3A:96:1F:5A:4E:31:99:AA:77:41:D9:BF:FC:AC:A8:EB:B8:48:9D
4236,jjang0u.com,2A:D9:4F:74:F9:2D:26:91:87:AA:25:A5:36:5E:1E:B1:02:7D:D3:F0:1A:6C:32:39:CF:4C:E0:59:F6:61:56:10
4243,mci.ir,78:C3:7C:35:EE:B1:2C:87:78:5A:C7:8B:48:D7:14:3B:9A:6E:2B:E8:BB:AF:D5:D4:B7:D6:C1:16:E0:F5:3F:FA
4273,laiguana.tv,67:08:97:45:B1:E8:DB:18:42:06:02:F1:9D:85:43:EC:27:22:AD:BC:2D:93:DB:06:4D:DA:C1:3B:1A:1E:C2:1F
4278,imprs.name,A3:AF:B2:25:3D:F5:C6:4E:6F:72:84:81:75:BE:BD:A4:12:22:6E:25:4F:1C:01:F3:1F:2D:4C:F3:9F:47:08:2F
4280,imprs.org,A3:AF:B2:25:3D:F5:C6:4E:6F:72:84:81:75:BE:BD:A4:12:22:6E:25:4F:1C:01:F3:1F:2D:4C:F3:9F:47:08:2F
4296,onpato.ru,09:7A:88:44:08:A2:00:8F:EE:83:6F:D4:F9:B0:E4:86:77:89:77:65:C4:7E:97:B7:A9:85:C6:9A:9B:98:30:4B
4325,athome.co.jp,A7:EC:FF:2A:5D:3F:55:3C:EC:59:77:D1:E0:80:25:EF:8F:B5:15:AE:8C:5D:C9:17:B0:11:91:3C:07:A9:51:8E
4331,buy123.com.tw,8D:72:46:B3:2F:1A:0E:94:7F:80:04:2C:06:A7:9F:47:74:42:42:37:E4:40:07:0E:46:C3:AF:A4:08:01:93:0F
4332,sensacine.com,E4:47:4D:7A:BE:83:62:54:71:5E:9B:43:84:BA:27:83:D1:B0:ED:C4:37:18:FF:29:FE:ED:18:49:9C:94:37:95
4339,funda.nl,C7:7D:37:C0:36:84:18:7D:B8:C7:97:7F:9C:96:51:A1:F7:98:5C:C0:6D:87:27:EE:1F:63:E4:B0:08:23:60:EC
4349,stylebistro.com,8B:D3:4D:93:54:6C:54:75:76:99:80:1D:13:91:EA:43:0E:34:A4:AF:2E:99:FB:B5:AD:74:F3:4F:79:AC:11:0B
4353,plejada.pl,12:A5:58:5F:E7:59:63:FE:65:23:AD:BB:E8:BC:CC:E0:AA:65:D1:1A:FD:CA:FE:33:10:DF:D6:35:88:83:A7:0E
4360,hattrick.org,C2:57:95:78:39:B7:14:7B:76:08:9B:EB:58:99:30:FB:E4:1D:3E:7B:D4:F6:C2:F0:35:F3:FE:82:7D:6B:27:FA
4362,deichmann.com,F3:6B:F5:B2:87:86:34:2B:C0:A6:33:DC:83:E1:E1:BF:C2:50:4D:55:16:95:A0:24:BB:B8:3A:94:D3:AD:D6:D3
4365,heraldcorp.com,55:43:20:C2:BC:14:B9:0C:A4:CD:EF:DB:A9:34:1B:7D:56:E5:E8:89:39:2A:A5:1D:19:5C:B7:AF:77:05:46:55
4393,logsoku.com,A4:B4:8E:35:7F:66:4D:09:13:B8:FD:72:18:41:D6:9C:45:3E:F6:BD:27:EC:C0:11:B1:55:AA:45:CA:C4:A9:31
4468,powerschool.com,6F:6F:18:BC:BF:A0:1E:27:DB:C7:E5:FC:41:41:AF:61:2A:81:8E:93:DA:BE:7E:2E:B6:5E:87:BA:AC:51:88:EB
4475,a-static.com,6F:18:8C:4A:B9:D1:5C:23:E4:A3:4C:AB:47:79:C0:C8:E7:D0:A3:05:BA:C9:88:28:F1:1F:15:74:E0:09:EC:FD
4487,blogosfera.uol.com.br,B1:83:A3:81:B7:B8:BB:20:55:5D:40:6D:26:00:EC:9A:DF:8B:C7:06:C0:AF:94:0C:2C:41:22:BA:4F:FA:5E:96
4489,shueisha.co.jp,28:B2:90:77:B2:A5:59:C9:0D:8E:99:F7:AA:56:6B:3C:ED:A6:C3:4F:44:B2:3C:4A:F2:F6:8F:94:7F:0E:BA:2F
4501,dice.com,BC:33:B2:A9:BB:44:26:38:38:70:F6:10:88:A0:CE:4A:ED:90:96:B2:FE:B9:49:B9:7E:72:92:B3:AA:6D:2A:55
4507,carters.com,66:A0:C8:1A:B3:72:BF:D2:5E:B1:8D:37:59:96:59:F8:C4:51:D3:C6:22:E5:0F:5D:F3:09:2A:91:47:95:D4:31
4511,sofmap.com,B7:65:BD:C0:3F:46:9C:F0:61:1B:04:AD:FA:86:6E:C5:5D:AF:93:FF:5F:EC:19:9D:F5:FF:A0:6F:AF:88:18:2D
4523,7769domain.com,1D:55:3F:14:9A:69:A0:1B:CB:12:E6:AA:77:9C:78:2C:DD:E7:8C:F4:E8:EA:CE:CB:AC:31:16:92:A7:A8:A8:CD
4537,uptodate.com,20:F1:A6:D0:28:B5:4C:F1:7C:48:B2:AD:24:AE:74:83:D3:ED:BE:D8:70:D2:D1:03:DA:68:01:E2:BF:C7:49:80
4540,nsdl.com,DC:60:08:5D:84:14:83:5F:9C:7E:7A:25:8A:6D:11:2B:B5:4B:C9:87:92:E3:4F:B1:20:29:88:4A:34:A6:56:A1
4543,musichostnetwork.com,B9:4E:A1:0A:00:31:16:32:40:79:7E:5D:81:27:8D:3E:71:4B:12:B5:0D:08:C9:6A:19:17:C4:E6:9E:EB:22:7D
4551,accorhotels.com,81:97:86:31:AC:99:54:D0:31:D9:36:1D:88:22:F4:AD:E6:8C:E0:76:BA:A1:4D:E0:83:23:4D:AA:9F:EC:D0:3C
4565,univision.com,33:A5:9B:6A:6C:8F:49:24:63:B1:BF:26:CF:B6:AD:EE:45:94:57:2B:84:DF:F0:0A:4B:37:3C:8E:84:70:02:43
4577,kakprosto.ru,1D:66:52:8A:12:5D:56:87:F6:F2:F0:11:81:F5:13:8A:A6:60:E9:F7:98:43:9D:5C:C7:E3:16:5B:DF:19:F8:D2
4581,muji.net,D2:F1:2E:94:13:38:E5:32:E7:5C:E4:A1:47:96:46:CE:92:6A:ED:F1:F0:CD:44:17:2F:36:2A:DB:0A:2B:71:95
4589,warau.jp,B7:03:23:45:00:F3:82:49:F8:55:01:95:01:57:9F:53:7F:1E:20:F9:F7:4C:FE:14:8D:F6:DD:21:83:E5:D2:E3
4613,easypdfcombine.com,E3:DA:9B:4E:4C:9A:02:55:CA:81:C1:0D:83:A5:42:AC:D3:3C:CE:7A:A6:92:74:C4:EA:84:0B:22:A8:49:F9:D4
4614,namnak.com,6E:25:78:D7:3A:0C:32:34:EE:21:13:C8:34:1D:C7:3F:C1:42:28:B1:F8:90:DE:5D:8D:01:0C:F3:DE:DA:C4:B3
4637,nicoseiga.jp,15:0F:49:82:FF:BA:BC:BF:56:6C:0C:EF:DA:9E:69:6F:9A:20:B4:95:CC:93:12:AF:56:33:F2:90:9C:20:E4:B2
4641,doostiha.ir,57:62:17:99:F5:93:86:B0:51:44:0F:7B:B4:6F:F7:85:36:71:D7:2A:EE:E9:C7:67:CD:F5:1E:33:EC:FB:6D:C0
4649,osxdaily.com,38:E8:70:30:F0:68:90:CB:5A:EC:92:AE:0A:89:92:F9:09:E1:87:AF:20:D3:7E:35:FF:DE:EA:C1:FE:21:00:F8
4651,topshop.com,74:D7:82:F5:A3:AF:5F:D3:4E:36:08:18:D1:8A:EF:F7:F1:58:8D:E3:FD:04:98:F8:08:C7:94:51:4B:0A:E3:75
4670,naszemiasto.pl,95:9A:7C:55:F6:9F:38:23:2E:6F:63:8B:73:B5:AA:E0:AF:F8:43:ED:B0:E0:98:08:C6:EF:29:7E:6E:42:77:0C
4673,bluewin.ch,CB:31:03:92:DF:66:02:0B:52:70:DF:26:0B:8A:58:1D:69:EC:1D:0B:05:37:65:2F:29:FF:21:2F:2B:EC:15:DE
4679,suntimes.com,E5:21:89:F9:14:82:66:E0:11:53:4D:03:92:D8:05:0D:6D:93:17:F0:89:69:9C:10:FB:59:EB:62:27:8A:81:99
4687,p30world.com,FC:42:98:8F:14:AC:EB:AE:96:8B:02:97:6A:6C:E1:1B:C7:EE:1B:15:36:64:9A:88:7D:98:72:C1:E9:B5:7E:49
4721,loxgraph.com,85:99:16:B7:B1:71:A6:E7:46:5A:F4:A4:31:3F:FC:F4:9D:43:0B:96:D1:EC:F9:1D:21:7C:D6:04:49:04:73:3B
4760,yjbys.com,CD:31:0C:CB:13:BF:F7:80:43:48:8C:3C:74:33:64:1B:6F:F7:2C:AD:04:EC:C8:C2:6C:49:9A:EC:D3:E1:1C:EA
4771,wccftech.com,38:E8:70:30:F0:68:90:CB:5A:EC:92:AE:0A:89:92:F9:09:E1:87:AF:20:D3:7E:35:FF:DE:EA:C1:FE:21:00:F8
4772,standardchartered.co.in,6C:0A:E6:AD:CE:27:1A:9B:02:EC:5C:13:FD:6A:A6:82:56:1C:D4:7C:40:7C:BA:8C:EE:30:41:17:11:11:99:26
4775,time.ir,B0:9E:0B:E8:9D:85:DD:B7:C2:AC:8F:E1:BD:17:CB:6D:F4:0D:53:AC:8C:3C:39:A5:F0:DE:F6:2C:23:4F:89:C3
4787,mytatasky.com,DF:16:13:5E:D6:8A:A5:61:31:E0:05:D4:17:36:EC:8A:AE:A0:E6:14:B7:F7:9F:4C:FF:94:3A:42:E4:66:05:CA
4790,bigccq.cn,50:07:83:EA:78:E7:C1:6D:76:FA:3D:40:8E:02:6E:9B:82:B7:EF:9A:C3:57:78:99:AB:24:17:43:83:DE:6C:05
4812,juno.com,8D:B0:13:D7:37:91:7C:BD:15:97:11:68:6D:BA:0F:01:31:EC:FB:B7:1A:F9:95:91:1F:7F:CD:43:F3:10:58:BD
4820,ustraveldocs.com,67:08:97:45:B1:E8:DB:18:42:06:02:F1:9D:85:43:EC:27:22:AD:BC:2D:93:DB:06:4D:DA:C1:3B:1A:1E:C2:1F
4835,krone.at,B1:D6:DD:AD:37:45:FC:07:D1:68:71:54:4C:26:C1:F3:0D:14:2F:6B:1A:F1:B7:55:36:D5:69:98:F2:13:D2:3E
4838,in.gov,7E:8A:56:76:8B:80:C0:A2:04:73:18:B3:ED:D6:7D:F6:32:74:7E:57:DF:95:3D:DD:DB:72:EC:99:26:28:3E:C0
4855,ghatreh.com,B1:39:F6:6F:9C:70:56:6B:F8:3C:F2:78:52:C1:0B:70:55:CB:2E:6C:A8:98:76:69:66:87:6B:0B:1C:25:09:9C
4872,dailydot.com,D5:80:BD:48:35:84:98:C9:0F:4A:B8:97:E1:F0:A9:86:2A:37:4A:36:8D:C7:5E:C1:C5:59:A9:BB:87:EE:7B:CF
4899,discas.net,A6:A2:6C:15:E0:6A:54:A9:24:C1:00:FE:E8:F5:CC:C6:CE:65:82:3C:98:C4:67:AE:C8:12:2C:05:D0:E8:6E:96
4900,technews.tw,67:08:97:45:B1:E8:DB:18:42:06:02:F1:9D:85:43:EC:27:22:AD:BC:2D:93:DB:06:4D:DA:C1:3B:1A:1E:C2:1F
4906,easports.com,20:55:14:B1:1E:26:F1:F5:A9:89:D8:55:99:F2:78:0A:A6:6E:7C:EA:15:59:C8:76:C8:6D:2E:EA:A3:DE:CF:2F
4917,self.com,CA:5C:57:BE:E6:AB:21:C0:55:DC:DB:E8:AD:25:FE:EF:6D:17:64:A9:2E:2A:AA:AD:B5:D5:5F:B6:67:C3:F8:AC
4941,hotelscombined.com,42:09:0B:77:B6:E8:02:1A:74:7A:3A:7D:54:BD:01:A6:F2:7C:31:79:EA:DB:17:21:39:38:5E:53:97:02:0E:43
4954,gosunoob.com,06:CE:83:C6:09:37:A2:A3:0D:AB:6E:61:DE:06:57:C5:9F:33:30:4B:F9:D0:E8:B1:45:76:C6:BD:84:A7:C7:94
4967,digit.in,4E:04:56:4A:CD:6B:C0:2A:0B:49:E8:26:F5:0B:28:37:D6:40:6A:11:55:46:64:AE:D9:56:C7:FA:FE:93:85:A5
4992,journaldunet.com,5F:83:CC:6C:C5:9C:D2:BC:93:7D:D1:D1:34:5D:12:45:A9:E1:04:D0:9F:54:2B:A9:A4:38:22:FE:56:CF:D3:61
4996,vivanuncios.com.mx,A8:32:AB:11:A1:A6:C3:18:94:FB:F1:39:CB:9C:3D:6B:95:36:42:BF:9C:4F:22:FD:81:89:5D:31:0D:6E:54:B4
5000,flowlz.com,0C:1A:4D:29:1E:BD:27:49:F1:80:A3:CB:27:09:D1:DC:C6:40:18:DC:03:1F:34:14:C4:3C:36:97:22:64:0D:9A
5003,yapikredi.com.tr,45:85:36:E5:28:5D:B2:9D:DB:FC:89:07:B1:C6:02:CE:B1:06:A2:47:FF:FF:34:25:8E:9E:1C:25:48:2A:4B:8E
5012,donmai.us,8A:EC:1F:DB:4F:3E:AD:AE:58:82:5B:DB:83:0B:5F:3D:C7:1D:72:EE:2D:1D:28:37:23:09:BC:AA:7E:34:DE:71
5020,promopro.com,74:7B:18:CF:33:66:24:46:F4:18:4B:34:37:79:3A:C6:6A:2F:67:6B:E3:A2:4A:FF:C4:D3:CE:49:05:8B:F8:E3
5035,varlamov.ru,2C:D4:E5:58:EA:7D:6E:2A:F1:4F:33:30:2A:03:81:A2:F8:F3:B5:E1:2B:3F:CD:0C:31:54:DE:98:CE:BA:59:E3
5060,buyma.com,32:D9:BE:80:15:16:0F:E3:CD:06:B9:BD:9B:91:AA:1F:FE:DF:F2:30:3B:5F:43:49:6D:15:FB:49:02:3C:04:B8
5066,o2tvseries.com,D9:70:8E:67:0F:10:3F:4C:F9:BD:7B:F1:AF:1C:EF:8A:EE:D2:61:44:64:96:76:45:7B:E8:E5:B3:54:C9:2F:7B
5107,fujitsu.com,88:C6:FF:6B:CB:64:49:DB:9B:23:FE:5C:3F:B0:44:C9:3B:EC:D5:44:42:9A:80:A5:01:C4:DC:8A:5D:9E:26:AD
5116,sjtu.edu.cn,59:1A:7F:4D:FE:E0:A1:27:26:B4:F8:38:C5:2F:A8:FF:5A:C0:96:34:EC:F4:A3:FF:0E:08:32:86:B0:B5:71:64
5132,ebc.net.tw,89:CC:62:B3:5B:BB:C9:41:22:7A:E7:3D:95:38:E2:9B:2F:65:51:65:1E:03:AD:F8:1F:36:62:8A:15:8D:10:46
5150,freepik.es,77:02:53:8A:DB:DE:9F:0D:1C:C1:34:32:7A:2B:70:D7:54:BC:9E:AB:4D:BA:30:AD:AA:B5:1C:11:FE:A4:F9:26
5173,smarterpassword.com,E3:DA:9B:4E:4C:9A:02:55:CA:81:C1:0D:83:A5:42:AC:D3:3C:CE:7A:A6:92:74:C4:EA:84:0B:22:A8:49:F9:D4
5178,emgn.com,38:E8:70:30:F0:68:90:CB:5A:EC:92:AE:0A:89:92:F9:09:E1:87:AF:20:D3:7E:35:FF:DE:EA:C1:FE:21:00:F8
5201,hjenglish.com,EB:C9:F5:8D:6D:E3:38:F6:08:1B:DE:C1:0F:9D:40:A2:F3:0B:F8:54:BE:2B:8D:D8:06:BB:7A:6C:FC:6F:CA:DF
5223,banglanews24.com,17:47:08:66:BC:49:9D:F5:11:2A:0C:B1:26:C0:EB:0E:BD:B0:73:E2:64:5A:C3:99:A4:BD:A8:55:46:D1:21:EA
5232,bookdepository.com,73:B5:F5:1B:74:CD:A9:46:F2:EE:09:54:73:F2:46:1F:B5:D3:AA:CC:6A:D3:BB:F7:9A:CC:EF:B0:74:9F:11:B5
5244,svtplay.se,8A:D2:B5:EC:AD:8C:3C:ED:0A:C4:C7:DD:B1:B7:A2:E5:9E:E6:4B:FA:BF:2E:DE:53:34:6B:17:8D:12:A3:11:07
5263,appscase.com,C2:57:95:78:39:B7:14:7B:76:08:9B:EB:58:99:30:FB:E4:1D:3E:7B:D4:F6:C2:F0:35:F3:FE:82:7D:6B:27:FA
5273,khazmofi.ru,09:7A:88:44:08:A2:00:8F:EE:83:6F:D4:F9:B0:E4:86:77:89:77:65:C4:7E:97:B7:A9:85:C6:9A:9B:98:30:4B
5288,prokerala.com,2C:DB:44:3E:C0:FA:70:81:0B:57:A6:84:D5:B4:C6:1D:C2:4B:4A:2E:BB:FC:76:99:9E:9A:EE:9A:2F:87:37:9D
5294,dota2.com,33:BF:9A:05:6A:3A:5D:3D:AA:9A:10:25:56:E5:55:E3:70:49:A8:79:29:6F:D9:11:BD:89:23:15:C6:B2:22:7F
5297,1and1.es,8E:05:95:8F:92:8C:27:47:95:08:CE:71:D9:45:9E:E4:5F:2E:86:A9:43:50:A0:A9:79:AA:B0:C8:80:AC:7D:BD
5304,findtonight.me,54:6D:4A:72:DE:00:5B:E7:B6:7B:6E:4D:35:42:32:24:2A:65:CA:99:E8:95:3F:DD:CB:E9:DC:F5:9E:9F:5B:8B
5321,hsbc.com.mx,2E:BE:29:1B:29:21:5F:42:98:1A:FA:4D:92:0E:81:25:E6:94:30:EE:47:66:0B:1F:63:95:2A:C5:DE:43:0E:53
5327,bershka.com,93:DE:24:4E:1C:9D:57:2E:64:FF:51:D4:FD:E7:5A:CD:7F:9B:3D:30:F7:5A:B3:75:D9:10:7B:25:0C:2D:02:7D
5350,htmlbook.ru,C6:34:90:8C:BC:05:D3:7C:2A:F8:ED:6A:2C:BE:2A:DE:75:94:A8:AF:A4:46:74:0B:1B:98:BB:0A:27:82:71:BF
5353,firestorage.jp,26:56:2E:02:D3:CF:E7:26:F0:AD:97:4E:DF:28:27:94:7C:5C:56:FA:D5:8B:1C:B7:D7:BC:22:6D:79:72:0E:15
5363,lianjia.com,3F:E8:CD:B5:4B:61:99:FF:2B:5D:29:0A:05:9E:0C:18:DB:6D:25:27:E9:3C:67:8B:84:64:65:2D:6E:11:B9:0F
5364,telmex.com,None
5377,sparkasse.at,C1:20:B4:75:1A:7A:5C:28:EA:EF:08:24:89:AB:4D:91:CD:E1:71:E2:04:0A:04:C8:DB:5B:F4:EE:CC:A8:56:74
5379,lacuerda.net,33:AB:38:20:B7:80:DE:FD:E9:B6:EA:4B:0F:D5:F3:5A:52:04:FD:40:65:30:92:09:21:14:69:96:68:A9:B3:AD
5381,komputerswiat.pl,12:A5:58:5F:E7:59:63:FE:65:23:AD:BB:E8:BC:CC:E0:AA:65:D1:1A:FD:CA:FE:33:10:DF:D6:35:88:83:A7:0E
5412,onlinesbh.com,08:E8:77:C3:1D:7E:74:64:99:6F:A6:20:CA:23:E8:CC:38:85:87:EB:82:FC:BE:A8:52:47:C7:79:DF:2F:E4:F8
5426,wdr.de,52:70:21:5A:C1:26:FA:48:DE:83:4D:34:F1:FF:CD:E8:F8:BE:59:CF:FF:CF:6C:C9:0A:9B:63:86:16:F1:FE:FE
5434,cue-monitor.jp,1D:6C:CA:03:3B:EB:75:2E:4B:80:DC:DF:FF:2C:37:E4:72:B0:A8:36:A1:84:A9:AF:9D:C9:96:68:46:06:85:33
5450,trklnks.com,49:7F:35:35:D6:42:EA:E5:0A:73:A7:08:90:BB:90:8A:5F:7C:DF:BA:B1:29:E4:7E:BA:7E:30:C3:37:99:75:7C
5456,gametwist.com,61:78:2B:41:34:9B:3B:8A:CD:AC:2F:91:ED:57:05:81:6B:80:81:D0:FB:B2:CE:42:A9:AB:4F:A1:32:7A:04:7B
5468,thairath.co.th,B0:C7:A5:1D:D8:0E:4D:27:D2:E6:90:26:05:32:21:3F:8F:A1:EF:A2:65:45:A3:A1:2A:C9:64:08:C0:CE:4E:05
5469,jobstreet.co.id,DD:37:FB:57:29:7E:86:0E:34:29:A0:08:EE:CC:77:EE:B7:CD:A0:CC:C8:85:F5:93:D6:6B:7C:FD:A9:D6:88:FE
5478,fixmymacos.com,5D:C9:B1:74:EE:F6:94:FE:78:5F:C3:94:8F:FB:C9:90:3B:AC:7B:5F:72:F1:94:22:B9:33:72:B4:10:4F:E7:44
5482,listentoyoutube.com,FC:D5:84:B0:A6:3D:AB:2E:EA:03:C3:D5:39:BC:D0:45:D3:13:E8:8E:20:90:61:8B:33:E3:1F:C1:E7:E3:51:D9
5483,arabictorrent.net,9D:AF:4D:73:09:04:5D:84:28:B5:91:C5:F1:3A:F0:C1:9F:9E:33:1F:91:CF:01:88:DA:60:AA:F0:3C:E2:E3:0E
5492,midwayusa.com,A4:31:A8:68:A0:CC:3A:07:69:70:44:36:A1:AE:F5:7D:C8:36:5C:C9:98:1B:FD:D4:25:69:9A:72:34:50:A7:2D
5505,crash.net,B0:85:BD:F1:88:00:CC:86:A4:A2:91:13:73:AC:0B:3F:B5:94:81:A9:A4:59:E9:4C:F9:8A:7C:DF:34:3D:28:C7
5508,kidstaff.com.ua,1B:4F:B6:4F:1F:11:E6:CA:26:C6:90:64:AD:93:1D:18:F1:A4:9C:DD:79:B8:0A:E4:5B:CB:FB:E3:EA:BA:FD:75
5519,gamesradar.com,53:C4:C9:5D:F6:20:AE:4C:74:EB:49:9C:28:80:34:0B:17:EA:77:50:D6:C9:49:7B:5A:85:BF:D3:1E:1D:00:34
5528,russianpost.ru,D1:B2:4D:04:7C:A3:C8:37:E2:53:0F:8E:DD:F4:0B:28:AC:17:CF:97:7A:4E:80:CC:40:75:67:22:92:4C:33:5F
5538,dn.se,FE:FA:D4:1C:3D:12:88:A7:1A:65:80:A2:4F:2B:40:80:5D:82:7A:F1:00:F6:56:22:4E:52:67:EE:17:76:CC:F9
5561,iguang.tw,03:9B:E0:D7:19:5A:8E:99:81:C7:A9:78:ED:D1:81:7C:17:63:FC:8E:68:21:BA:71:08:53:8D:79:81:BA:C0:EA
5563,companieshouse.gov.uk,A3:FB:4E:64:EE:4D:0B:CC:08:6B:53:E2:2E:0C:EA:8F:DC:0B:D6:CB:2D:F5:AD:84:79:D2:97:F6:86:2C:A5:28
5581,nbg.gr,EB:6D:CA:A7:60:3A:AB:F5:79:6B:35:35:3C:34:7C:1E:57:B7:16:33:7E:A4:63:65:4C:E6:14:05:C0:0F:75:29
5583,very.co.uk,15:76:32:26:63:E7:71:B3:48:73:D5:33:33:52:99:E5:FB:B3:1F:B2:7E:B8:B2:CE:75:7A:3F:1F:CA:54:6C:1A
5587,mathtag.com,E4:ED:5B:83:D7:C5:FC:60:28:06:2A:91:7D:DD:25:60:48:F7:98:92:EE:71:E1:E4:DE:6F:7A:96:BF:94:51:0F
5612,allin1convert.com,E3:DA:9B:4E:4C:9A:02:55:CA:81:C1:0D:83:A5:42:AC:D3:3C:CE:7A:A6:92:74:C4:EA:84:0B:22:A8:49:F9:D4
